,label,first_frame,last_frame,frames_seen
0,car,1,45,45
1,car,1,2,2
2,car,1,12,12
3,car,1,352,352
4,car,1,2,2
5,car,6,9,4
6,car,13,13,1
7,car,14,15,2
8,car,16,19,4
9,car,18,18,1
10,car,20,27,8
11,car,22,22,1
12,car,22,28,7
13,car,24,28,5
14,car,29,37,9
15,car,30,30,1
16,car,32,32,1
17,car,34,34,1
18,car,35,36,2
19,car,39,41,3
20,car,44,44,1
21,car,44,44,1
22,car,46,48,3
23,car,46,46,1
24,car,47,50,4
25,car,49,56,8
26,truck,50,52,3
27,car,52,61,10
28,bus,54,54,1
29,car,57,60,4
30,car,62,68,7
31,truck,66,66,1
32,car,67,67,1
33,car,70,89,20
34,car,73,76,4
35,car,73,75,3
36,person,76,76,1
37,person,78,78,1
38,car,80,80,1
39,car,82,82,1
40,car,83,83,1
41,car,85,93,9
42,truck,89,89,1
43,car,92,93,2
44,truck,93,95,3
45,car,95,110,16
46,person,99,99,1
47,car,105,111,7
48,car,106,109,4
49,car,114,117,4
50,car,117,117,1
51,car,119,122,4
52,car,119,122,4
53,car,120,132,13
54,car,122,125,4
55,car,124,125,2
56,car,127,127,1
57,car,130,131,2
58,car,130,131,2
59,car,134,139,6
60,car,134,135,2
61,person,138,140,3
62,car,138,139,2
63,car,139,167,29
64,car,141,141,1
65,car,143,193,51
66,bus,144,144,1
67,person,146,148,3
68,truck,148,148,1
69,bus,150,152,3
70,person,150,150,1
71,truck,154,154,1
72,car,158,159,2
73,car,162,162,1
74,person,164,165,2
75,car,165,175,11
76,person,167,168,2
77,car,168,168,1
78,car,169,172,4
79,car,169,172,4
80,truck,170,177,8
81,car,171,171,1
82,car,172,172,1
83,car,173,173,1
84,car,174,174,1
85,car,175,175,1
86,person,175,175,1
87,car,177,178,2
88,car,180,181,2
89,car,180,182,3
90,car,183,184,2
91,truck,184,225,42
92,car,184,185,2
93,car,185,198,14
94,person,187,187,1
95,car,187,209,23
96,bus,193,193,1
97,car,195,195,1
98,car,195,256,62
99,car,195,198,4
100,person,196,200,5
101,car,197,226,30
102,car,200,212,13
103,bus,200,200,1
104,person,202,204,3
105,bus,203,203,1
106,person,206,209,4
107,bus,206,206,1
108,bus,210,210,1
109,car,212,215,4
110,car,215,271,57
111,car,217,250,34
112,car,217,220,4
113,car,222,230,9
114,car,225,232,8
115,truck,227,230,4
116,car,235,236,2
117,car,239,239,1
118,car,241,241,1
119,car,245,247,3
120,car,250,251,2
121,car,250,250,1
122,car,252,254,3
123,car,254,255,2
124,bus,256,257,2
125,car,257,259,3
126,car,259,259,1
127,car,259,273,15
128,car,261,261,1
129,car,263,263,1
130,car,263,263,1
131,car,265,267,3
132,car,265,266,2
133,car,268,268,1
134,car,270,272,3
135,car,273,274,2
136,car,274,274,1
137,car,276,276,1
138,car,278,278,1
139,car,280,280,1
140,car,280,280,1
141,car,285,286,2
142,car,288,290,3
143,car,288,292,5
144,car,290,290,1
145,car,293,298,6
146,bus,293,297,5
147,car,294,295,2
148,car,294,295,2
149,car,295,296,2
150,car,298,299,2
151,car,298,298,1
152,car,299,301,3
153,bus,299,299,1
154,bus,300,304,5
155,bus,301,303,3
156,car,302,306,5
157,car,303,303,1
158,bus,305,305,1
159,bus,307,315,9
160,car,309,309,1
161,car,309,309,1
162,car,310,310,1
163,car,310,310,1
164,person,310,310,1
165,car,311,311,1
166,car,312,313,2
167,car,312,312,1
168,car,312,322,11
169,car,313,318,6
170,car,313,418,106
171,car,315,315,1
172,bus,317,329,13
173,car,317,317,1
174,person,319,319,1
175,car,322,326,5
176,car,323,328,6
177,car,324,326,3
178,car,329,333,5
179,car,329,330,2
180,car,330,331,2
181,bus,332,335,4
182,car,332,332,1
183,car,334,334,1
184,car,336,338,3
185,bus,340,340,1
186,car,341,362,22
187,bus,342,342,1
188,bus,347,348,2
189,bus,348,348,1
190,car,348,355,8
191,car,349,353,5
192,bus,350,350,1
193,bus,350,351,2
194,car,351,352,2
195,bus,352,354,3
196,bus,353,368,16
197,car,354,354,1
198,bus,356,356,1
199,car,356,357,2
200,bus,358,375,18
201,bus,360,361,2
202,person,360,365,6
203,car,361,363,3
204,car,362,366,5
205,car,364,383,20
206,car,365,365,1
207,car,365,365,1
208,bus,366,367,2
209,person,367,368,2
210,bus,370,370,1
211,person,370,399,30
212,bus,371,382,12
213,bus,372,375,4
214,car,376,376,1
215,bus,377,378,2
216,car,377,435,59
217,bus,378,379,2
218,car,378,379,2
219,bus,380,380,1
220,car,381,382,2
221,car,382,389,8
222,bus,383,383,1
223,bus,385,385,1
224,bus,386,386,1
225,car,386,386,1
226,bus,388,389,2
227,car,388,393,6
228,bus,388,389,2
229,car,390,393,4
230,car,390,390,1
231,bus,391,395,5
232,car,393,393,1
233,bus,394,394,1
234,car,395,995,601
235,car,397,433,37
236,car,400,417,18
237,bus,401,401,1
238,car,402,408,7
239,car,403,404,2
240,bus,407,413,7
241,car,407,408,2
242,car,408,413,6
243,car,410,417,8
244,car,412,412,1
245,bus,415,418,4
246,car,419,477,59
247,car,420,420,1
248,truck,420,425,6
249,car,422,423,2
250,car,425,430,6
251,truck,427,428,2
252,car,429,429,1
253,car,430,430,1
254,bus,430,441,12
255,truck,430,430,1
256,car,434,436,3
257,car,434,434,1
258,car,435,471,37
259,car,436,436,1
260,car,437,447,11
261,car,438,438,1
262,bus,442,442,1
263,train,443,445,3
264,car,443,445,3
265,car,443,444,2
266,car,443,443,1
267,car,445,445,1
268,car,447,447,1
269,bus,447,532,86
270,train,447,447,1
271,truck,448,454,7
272,car,449,451,3
273,bus,449,461,13
274,car,453,453,1
275,car,454,454,1
276,bus,455,457,3
277,car,457,457,1
278,car,458,458,1
279,car,458,464,7
280,car,459,468,10
281,car,460,464,5
282,bus,462,462,1
283,bus,463,494,32
284,car,463,464,2
285,car,466,502,37
286,car,466,466,1
287,car,468,470,3
288,car,470,482,13
289,car,473,474,2
290,car,476,476,1
291,car,477,477,1
292,bus,478,508,31
293,car,478,479,2
294,car,478,478,1
295,car,479,488,10
296,car,481,481,1
297,car,481,481,1
298,car,482,482,1
299,car,484,484,1
300,car,486,488,3
301,car,490,492,3
302,car,490,492,3
303,car,490,492,3
304,car,491,492,2
305,car,492,492,1
306,car,494,495,2
307,car,494,494,1
308,car,494,495,2
309,bus,496,496,1
310,car,496,511,16
311,car,496,496,1
312,bus,498,504,7
313,car,498,498,1
314,car,500,655,156
315,car,500,500,1
316,car,504,504,1
317,car,505,512,8
318,bus,506,640,135
319,car,506,507,2
320,car,507,509,3
321,car,508,509,2
322,car,509,509,1
323,bus,511,511,1
324,car,512,512,1
325,bus,514,527,14
326,car,515,517,3
327,car,517,517,1
328,car,518,520,3
329,car,519,532,14
330,car,522,527,6
331,car,523,527,5
332,truck,529,555,27
333,car,533,534,2
334,car,533,534,2
335,bus,534,535,2
336,car,536,536,1
337,car,536,539,4
338,car,539,539,1
339,bus,540,540,1
340,car,540,603,64
341,car,541,542,2
342,person,542,543,2
343,car,544,544,1
344,car,545,545,1
345,car,546,546,1
346,car,548,548,1
347,car,548,548,1
348,car,548,548,1
349,car,550,550,1
350,car,551,555,5
351,person,551,551,1
352,car,555,559,5
353,car,556,556,1
354,car,557,557,1
355,person,557,558,2
356,bus,557,558,2
357,truck,560,570,11
358,bus,563,563,1
359,bus,566,568,3
360,car,568,569,2
361,car,569,569,1
362,car,570,570,1
363,car,572,573,2
364,car,572,573,2
365,bus,574,653,80
366,car,575,575,1
367,car,579,582,4
368,car,579,588,10
369,car,582,587,6
370,person,582,582,1
371,bus,582,594,13
372,car,585,585,1
373,car,587,587,1
374,car,588,588,1
375,car,589,596,8
376,car,590,595,6
377,car,590,590,1
378,person,591,591,1
379,car,592,604,13
380,person,594,594,1
381,car,596,596,1
382,car,597,677,81
383,car,597,761,165
384,person,597,597,1
385,car,598,639,42
386,car,598,598,1
387,car,600,639,40
388,car,604,604,1
389,person,605,605,1
390,car,606,624,19
391,car,607,607,1
392,car,610,614,5
393,bus,611,612,2
394,car,615,620,6
395,car,616,653,38
396,car,622,627,6
397,bus,625,625,1
398,car,626,627,2
399,car,629,656,28
400,car,630,631,2
401,person,632,632,1
402,bus,633,633,1
403,bus,633,635,3
404,bus,640,640,1
405,person,641,642,2
406,car,641,641,1
407,car,642,643,2
408,person,643,646,4
409,person,644,645,2
410,bus,644,644,1
411,car,644,644,1
412,bus,644,645,2
413,person,647,648,2
414,bus,647,648,2
415,person,648,649,2
416,car,649,649,1
417,person,650,651,2
418,car,651,658,8
419,person,651,652,2
420,bus,652,652,1
421,car,653,653,1
422,person,653,653,1
423,person,654,655,2
424,bus,655,657,3
425,person,656,662,7
426,person,657,657,1
427,bus,658,658,1
428,car,659,702,44
429,car,659,686,28
430,bus,660,661,2
431,truck,662,662,1
432,bus,663,664,2
433,person,663,663,1
434,person,664,664,1
435,bus,665,665,1
436,person,666,673,8
437,bus,666,666,1
438,truck,666,666,1
439,person,667,670,4
440,bus,668,675,8
441,bus,668,669,2
442,car,669,670,2
443,person,672,674,3
444,bus,674,674,1
445,car,676,676,1
446,person,676,690,15
447,person,676,679,4
448,bus,677,677,1
449,bus,677,677,1
450,car,678,680,3
451,car,678,678,1
452,car,679,689,11
453,bus,679,679,1
454,bus,681,684,4
455,car,682,684,3
456,person,682,682,1
457,bus,683,684,2
458,bus,684,685,2
459,car,685,693,9
460,bus,686,687,2
461,car,686,688,3
462,bus,687,696,10
463,bus,687,688,2
464,car,687,694,8
465,car,688,688,1
466,bus,690,692,3
467,bus,690,691,2
468,car,691,731,41
469,bus,691,698,8
470,person,692,692,1
471,car,694,694,1
472,person,695,698,4
473,bus,696,696,1
474,car,697,715,19
475,car,697,698,2
476,bus,698,702,5
477,car,700,700,1
478,car,700,700,1
479,bus,701,701,1
480,car,701,701,1
481,bus,702,702,1
482,car,703,705,3
483,bus,703,703,1
484,bus,703,703,1
485,car,703,703,1
486,person,704,704,1
487,bus,705,709,5
488,person,706,706,1
489,truck,707,708,2
490,bus,707,708,2
491,bus,707,707,1
492,bus,708,743,36
493,car,708,708,1
494,car,709,709,1
495,bus,710,710,1
496,bus,710,710,1
497,car,710,710,1
498,car,711,711,1
499,truck,711,711,1
500,car,712,714,3
501,bus,712,713,2
502,truck,714,714,1
503,bus,715,715,1
504,bus,715,715,1
505,car,715,715,1
506,truck,716,717,2
507,car,717,719,3
508,car,717,801,85
509,car,718,720,3
510,truck,719,719,1
511,bus,720,737,18
512,car,721,721,1
513,car,722,724,3
514,car,723,723,1
515,truck,724,724,1
516,bus,725,726,2
517,car,725,726,2
518,truck,726,726,1
519,bus,727,727,1
520,truck,728,738,11
521,bus,728,728,1
522,car,731,733,3
523,person,731,731,1
524,car,732,732,1
525,car,734,739,6
526,bus,735,738,4
527,car,737,740,4
528,bus,739,740,2
529,car,740,742,3
530,truck,740,740,1
531,bus,741,741,1
532,truck,742,747,6
533,car,742,742,1
534,car,743,743,1
535,bus,743,743,1
536,car,744,745,2
537,car,744,744,1
538,bus,745,748,4
539,truck,745,746,2
540,truck,747,748,2
541,car,747,747,1
542,car,747,748,2
543,car,748,749,2
544,truck,748,748,1
545,bus,750,765,16
546,car,750,753,4
547,truck,751,754,4
548,car,751,751,1
549,bus,752,757,6
550,car,756,757,2
551,car,756,761,6
552,car,757,757,1
553,car,757,760,4
554,car,758,758,1
555,bus,759,762,4
556,car,760,765,6
557,car,761,761,1
558,car,762,763,2
559,car,763,763,1
560,bus,764,765,2
561,car,764,764,1
562,car,765,766,2
563,car,765,766,2
564,bus,767,771,5
565,car,767,767,1
566,car,767,771,5
567,car,767,773,7
568,car,768,773,6
569,car,768,769,2
570,bus,769,773,5
571,car,773,775,3
572,bus,773,810,38
573,car,773,817,45
574,bus,775,787,13
575,car,775,780,6
576,bus,777,777,1
577,car,779,781,3
578,car,779,780,2
579,car,781,781,1
580,car,782,785,4
581,car,782,828,47
582,bus,783,785,3
583,car,787,800,14
584,car,788,798,11
585,car,788,789,2
586,bus,790,790,1
587,car,791,792,2
588,bus,793,793,1
589,bus,794,795,2
590,car,798,858,61
591,car,801,801,1
592,car,802,802,1
593,car,803,806,4
594,car,803,803,1
595,car,807,881,75
596,car,808,814,7
597,car,809,811,3
598,bus,810,811,2
599,car,813,850,38
600,car,816,816,1
601,car,816,828,13
602,car,817,820,4
603,car,818,818,1
604,car,820,836,17
605,car,821,821,1
606,bus,823,824,2
607,car,823,840,18
608,bus,827,828,2
609,car,828,829,2
610,car,830,833,4
611,car,830,840,11
612,car,831,831,1
613,car,835,836,2
614,car,835,874,40
615,bus,837,837,1
616,car,838,838,1
617,car,842,851,10
618,car,842,844,3
619,bus,843,844,2
620,car,846,846,1
621,bus,848,852,5
622,car,848,849,2
623,car,848,848,1
624,car,850,851,2
625,car,851,851,1
626,car,852,852,1
627,car,853,853,1
628,car,854,854,1
629,car,855,856,2
630,car,856,857,2
631,car,858,894,37
632,car,859,864,6
633,car,859,859,1
634,bus,859,859,1
635,car,860,861,2
636,bus,862,863,2
637,car,863,866,4
638,car,863,863,1
639,bus,865,911,47
640,car,866,874,9
641,car,866,866,1
642,car,868,868,1
643,car,868,878,11
644,bus,871,871,1
645,car,872,877,6
646,bus,874,875,2
647,bus,878,878,1
648,car,879,892,14
649,car,880,881,2
650,bus,882,901,20
651,car,883,884,2
652,bus,884,884,1
653,car,885,887,3
654,car,885,887,3
655,bus,885,890,6
656,car,886,886,1
657,car,888,888,1
658,car,889,890,2
659,car,890,896,7
660,car,890,890,1
661,car,892,892,1
662,car,892,896,5
663,car,892,909,18
664,car,894,907,14
665,bus,894,894,1
666,car,895,901,7
667,car,896,896,1
668,bus,896,903,8
669,car,898,898,1
670,car,898,931,34
671,car,902,977,76
672,car,903,905,3
673,bus,903,905,3
674,car,904,904,1
675,car,904,904,1
676,bus,905,905,1
677,car,906,906,1
678,bus,907,913,7
679,car,908,909,2
680,car,909,910,2
681,car,911,916,6
682,car,911,943,33
683,bus,912,912,1
684,car,912,913,2
685,bus,913,917,5
686,bus,913,913,1
687,bus,914,917,4
688,car,915,915,1
689,car,915,924,10
690,car,915,915,1
691,bus,916,922,7
692,bus,919,923,5
693,bus,920,925,6
694,car,921,921,1
695,bus,924,948,25
696,car,925,925,1
697,bus,926,929,4
698,car,927,929,3
699,car,927,927,1
700,car,927,927,1
701,car,927,929,3
702,car,929,929,1
703,car,930,931,2
704,person,930,930,1
705,car,931,932,2
706,car,931,931,1
707,bus,933,937,5
708,car,934,945,12
709,car,934,968,35
710,car,934,937,4
711,car,934,934,1
712,car,937,940,4
713,car,938,939,2
714,car,939,939,1
715,bus,940,940,1
716,bus,942,942,1
717,car,943,943,1
718,car,943,943,1
719,car,943,948,6
720,car,944,946,3
721,car,945,947,3
722,car,945,945,1
723,car,947,949,3
724,bus,949,952,4
725,bus,950,966,17
726,car,950,950,1
727,car,950,950,1
728,car,950,953,4
729,car,950,950,1
730,car,952,953,2
731,car,953,954,2
732,car,955,972,18
733,bus,955,961,7
734,bus,955,955,1
735,car,956,956,1
736,car,957,960,4
737,car,957,957,1
738,bus,959,963,5
739,car,959,960,2
740,bus,961,961,1
741,car,962,962,1
742,car,962,962,1
743,car,964,968,5
744,bus,964,964,1
745,bus,964,965,2
746,car,965,966,2
747,car,966,974,9
748,bus,966,1023,58
749,car,966,966,1
750,car,968,969,2
751,bus,968,984,17
752,car,968,981,14
753,car,971,976,6
754,bus,973,977,5
755,car,973,973,1
756,car,974,985,12
757,car,976,985,10
758,car,977,982,6
759,car,978,983,6
760,bus,978,998,21
761,car,979,986,8
762,bus,982,988,7
763,car,982,984,3
764,person,982,982,1
765,car,985,1074,90
766,car,986,986,1
767,car,986,991,6
768,car,987,994,8
769,car,987,989,3
770,car,988,988,1
771,car,989,990,2
772,car,990,990,1
773,bus,990,994,5
774,bus,990,991,2
775,car,992,992,1
776,bus,993,997,5
777,car,993,994,2
778,car,994,994,1
779,car,995,996,2
780,car,995,995,1
781,car,996,997,2
782,car,997,997,1
783,car,998,1000,3
784,bus,999,1007,9
785,car,999,999,1
786,car,999,1000,2
787,car,1000,1000,1
788,bus,1001,1011,11
789,car,1002,1025,24
790,car,1002,1002,1
791,car,1002,1002,1
792,car,1003,1003,1
793,car,1004,1004,1
794,car,1005,1005,1
795,car,1006,1028,23
796,car,1007,1007,1
797,car,1008,1017,10
798,truck,1009,1011,3
799,car,1010,1010,1
800,car,1010,1017,8
801,car,1010,1010,1
802,car,1011,1011,1
803,car,1012,1013,2
804,bus,1013,1013,1
805,bus,1014,1014,1
806,bus,1015,1015,1
807,car,1016,1016,1
808,car,1016,1024,9
809,bus,1017,1032,16
810,bus,1018,1018,1
811,car,1018,1018,1
812,car,1019,1019,1
813,car,1020,1020,1
814,car,1020,1025,6
815,bus,1021,1024,4
816,car,1021,1024,4
817,person,1025,1027,3
818,car,1026,1043,18
819,car,1027,1094,68
820,car,1027,1030,4
821,car,1027,1029,3
822,car,1027,1027,1
823,bus,1027,1027,1
824,bus,1027,1027,1
825,car,1029,1032,4
826,car,1030,1031,2
827,train,1031,1031,1
828,car,1031,1055,25
829,car,1031,1031,1
830,car,1033,1035,3
831,bus,1033,1033,1
832,bus,1033,1033,1
833,car,1033,1035,3
834,car,1033,1036,4
835,car,1034,1067,34
836,truck,1034,1034,1
837,car,1036,1037,2
838,person,1037,1037,1
839,bus,1038,1040,3
840,car,1038,1041,4
841,car,1038,1048,11
842,car,1038,1128,91
843,person,1039,1039,1
844,car,1039,1040,2
845,bus,1039,1039,1
846,bus,1040,1040,1
847,bus,1043,1043,1
848,car,1045,1056,12
849,car,1045,1050,6
850,bus,1045,1045,1
851,bus,1045,1047,3
852,car,1046,1047,2
853,person,1046,1046,1
854,car,1048,1053,6
855,motorcycle,1048,1048,1
856,car,1049,1049,1
857,bus,1050,1050,1
858,car,1052,1052,1
859,car,1053,1053,1
860,car,1058,1058,1
861,car,1058,1062,5
862,car,1059,1060,2
863,bus,1059,1059,1
864,car,1060,1060,1
865,car,1060,1060,1
866,car,1061,1061,1
867,bus,1061,1082,22
868,bus,1061,1062,2
869,car,1062,1062,1
870,car,1062,1063,2
871,car,1062,1065,4
872,car,1064,1064,1
873,car,1064,1066,3
874,bus,1064,1067,4
875,car,1065,1118,54
876,bus,1065,1066,2
877,car,1066,1066,1
878,car,1066,1078,13
879,person,1067,1067,1
880,car,1068,1121,54
881,car,1068,1068,1
882,bus,1069,1070,2
883,car,1069,1269,201
884,bus,1069,1070,2
885,truck,1069,1072,4
886,car,1070,1071,2
887,bus,1072,1077,6
888,car,1072,1072,1
889,car,1073,1102,30
890,person,1074,1074,1
891,car,1075,1078,4
892,person,1076,1076,1
893,car,1076,1112,37
894,car,1078,1078,1
895,bus,1079,1085,7
896,car,1080,1080,1
897,car,1080,1081,2
898,person,1080,1080,1
899,car,1082,1087,6
900,car,1083,1084,2
901,car,1084,1089,6
902,bus,1085,1085,1
903,car,1085,1085,1
904,car,1086,1090,5
905,bus,1087,1091,5
906,bus,1087,1088,2
907,car,1088,1090,3
908,car,1089,1095,7
909,bus,1090,1091,2
910,car,1091,1091,1
911,car,1091,1111,21
912,car,1092,1342,251
913,bus,1093,1099,7
914,bus,1093,1095,3
915,car,1096,1097,2
916,bus,1097,1099,3
917,car,1098,1100,3
918,car,1099,1099,1
919,car,1100,1100,1
920,bus,1101,1101,1
921,car,1102,1128,27
922,car,1102,1102,1
923,car,1105,1108,4
924,car,1105,1107,3
925,bus,1105,1105,1
926,bus,1106,1111,6
927,car,1107,1111,5
928,bus,1107,1111,5
929,car,1108,1110,3
930,car,1113,1119,7
931,bus,1113,1114,2
932,bus,1113,1114,2
933,car,1113,1113,1
934,car,1113,1118,6
935,car,1114,1115,2
936,car,1115,1115,1
937,bus,1115,1116,2
938,bus,1116,1128,13
939,bus,1116,1126,11
940,car,1117,1117,1
941,car,1118,1118,1
942,car,1119,1119,1
943,car,1120,1128,9
944,car,1121,1138,18
945,car,1124,1175,52
946,car,1124,1124,1
947,car,1126,1126,1
948,car,1126,1128,3
949,bus,1127,1127,1
950,car,1128,1128,1
951,car,1128,1128,1
952,bus,1128,1128,1
953,bus,1130,1149,20
954,bus,1130,1130,1
955,car,1131,1131,1
956,car,1131,1134,4
957,car,1131,1131,1
958,car,1131,1132,2
959,bus,1132,1136,5
960,car,1133,1134,2
961,car,1134,1135,2
962,car,1135,1142,8
963,car,1136,1136,1
964,car,1137,1138,2
965,bus,1138,1140,3
966,car,1139,1159,21
967,car,1140,1140,1
968,car,1140,1143,4
969,bus,1142,1146,5
970,car,1142,1151,10
971,car,1144,1154,11
972,truck,1144,1144,1
973,car,1146,1146,1
974,bus,1151,1151,1
975,bus,1151,1151,1
976,car,1153,1159,7
977,bus,1153,1156,4
978,car,1156,1157,2
979,car,1157,1160,4
980,car,1157,1157,1
981,bus,1159,1161,3
982,car,1160,1179,20
983,car,1160,1160,1
984,car,1161,1162,2
985,car,1162,1163,2
986,car,1163,1164,2
987,car,1163,1164,2
988,bus,1164,1167,4
989,car,1164,1213,50
990,car,1166,1169,4
991,car,1167,1170,4
992,person,1168,1168,1
993,bus,1169,1169,1
994,car,1171,1171,1
995,car,1171,1171,1
996,bus,1171,1171,1
997,bus,1173,1173,1
998,car,1173,1174,2
999,car,1174,1200,27
1000,bus,1175,1175,1
1001,bus,1176,1176,1
1002,bus,1177,1188,12
1003,car,1177,1178,2
1004,car,1178,1178,1
1005,car,1180,1181,2
1006,car,1180,1180,1
1007,car,1181,1183,3
1008,car,1181,1182,2
1009,car,1182,1252,71
1010,car,1185,1194,10
1011,car,1185,1186,2
1012,car,1186,1186,1
1013,car,1188,1191,4
1014,car,1189,1192,4
1015,bus,1190,1190,1
1016,car,1190,1190,1
1017,bus,1192,1193,2
1018,car,1193,1197,5
1019,car,1194,1194,1
1020,car,1194,1195,2
1021,car,1195,1195,1
1022,bus,1195,1196,2
1023,car,1197,1262,66
1024,bus,1197,1197,1
1025,bus,1197,1197,1
1026,bus,1198,1199,2
1027,car,1199,1200,2
1028,car,1199,1200,2
1029,car,1199,1200,2
1030,bus,1200,1200,1
1031,bus,1200,1200,1
1032,bus,1201,1201,1
1033,car,1202,1207,6
1034,bus,1202,1202,1
1035,bus,1204,1205,2
1036,car,1205,1205,1
1037,car,1206,1206,1
1038,bus,1207,1208,2
1039,car,1208,1209,2
1040,car,1208,1209,2
1041,bus,1210,1210,1
1042,car,1211,1222,12
1043,car,1211,1211,1
1044,car,1212,1214,3
1045,bus,1213,1213,1
1046,bus,1214,1214,1
1047,bus,1214,1214,1
1048,car,1214,1214,1
1049,car,1215,1215,1
1050,bus,1215,1215,1
1051,car,1216,1217,2
1052,bus,1216,1216,1
1053,car,1216,1216,1
1054,bus,1218,1228,11
1055,bus,1218,1233,16
1056,car,1221,1222,2
1057,car,1221,1221,1
1058,car,1221,1222,2
1059,car,1223,1224,2
1060,person,1223,1223,1
1061,car,1225,1239,15
1062,car,1226,1227,2
1063,car,1226,1226,1
1064,car,1226,1226,1
1065,bus,1230,1230,1
1066,car,1230,1233,4
1067,car,1231,1235,5
1068,car,1232,1240,9
1069,bus,1234,1246,13
1070,car,1234,1234,1
1071,car,1235,1242,8
1072,car,1237,1240,4
1073,car,1238,1241,4
1074,person,1238,1238,1
1075,car,1240,1240,1
1076,person,1241,1241,1
1077,car,1242,1260,19
1078,car,1242,1242,1
1079,car,1243,1246,4
1080,car,1244,1253,10
1081,car,1244,1245,2
1082,bus,1244,1245,2
1083,car,1245,1255,11
1084,car,1245,1256,12
1085,bus,1247,1247,1
1086,person,1247,1247,1
1087,bus,1248,1248,1
1088,car,1249,1249,1
1089,bus,1251,1252,2
1090,car,1253,1256,4
1091,bus,1254,1254,1
1092,car,1255,1293,39
1093,bus,1255,1255,1
1094,bus,1256,1282,27
1095,car,1258,1258,1
1096,car,1258,1258,1
1097,car,1261,1264,4
1098,car,1262,1274,13
1099,car,1263,1265,3
1100,car,1264,1267,4
1101,bus,1265,1267,3
1102,car,1266,1266,1
1103,car,1268,1306,39
1104,car,1268,1268,1
1105,car,1269,1271,3
1106,car,1271,1307,37
1107,bus,1271,1271,1
1108,car,1272,1273,2
1109,car,1274,1334,61
1110,car,1274,1274,1
1111,car,1275,1292,18
1112,bus,1278,1278,1
1113,car,1279,1279,1
1114,car,1280,1280,1
1115,car,1281,1362,82
1116,person,1285,1285,1
1117,bus,1286,1287,2
1118,car,1289,1300,12
1119,bus,1291,1291,1
1120,bus,1293,1293,1
1121,bus,1295,1322,28
1122,car,1295,1295,1
1123,car,1296,1320,25
1124,car,1297,1321,25
1125,person,1297,1297,1
1126,car,1299,1329,31
1127,bus,1299,1300,2
1128,person,1300,1300,1
1129,bus,1302,1312,11
1130,person,1302,1302,1
1131,car,1304,1304,1
1132,person,1307,1307,1
1133,car,1308,1308,1
1134,car,1311,1318,8
1135,car,1312,1313,2
1136,bus,1312,1312,1
1137,bus,1314,1314,1
1138,bus,1317,1320,4
1139,car,1321,1347,27
1140,car,1322,1328,7
1141,bus,1322,1322,1
1142,bus,1325,1325,1
1143,bus,1328,1329,2
1144,car,1331,1344,14
1145,bus,1331,1331,1
1146,bus,1331,1332,2
1147,car,1331,1335,5
1148,bus,1334,1360,27
1149,car,1334,1334,1
1150,car,1335,1335,1
1151,person,1336,1336,1
1152,car,1337,1381,45
1153,car,1338,1338,1
1154,car,1340,1343,4
1155,person,1341,1341,1
1156,car,1342,1342,1
1157,car,1344,1366,23
1158,car,1345,1353,9
1159,car,1345,1346,2
1160,car,1346,1364,19
1161,car,1348,1348,1
1162,bus,1348,1349,2
1163,car,1349,1365,17
1164,car,1350,1351,2
1165,person,1350,1351,2
1166,person,1353,1353,1
1167,car,1353,1592,240
1168,car,1353,1353,1
1169,bus,1353,1355,3
1170,car,1355,1357,3
1171,bus,1357,1357,1
1172,bus,1358,1359,2
1173,car,1360,1416,57
1174,car,1360,1361,2
1175,bus,1361,1365,5
1176,bus,1362,1366,5
1177,bus,1366,1366,1
1178,bus,1367,1369,3
1179,car,1367,1370,4
1180,car,1367,1382,16
1181,car,1369,1406,38
1182,bus,1371,1371,1
1183,bus,1372,1382,11
1184,car,1372,1372,1
1185,car,1373,1373,1
1186,bus,1373,1374,2
1187,car,1375,1375,1
1188,car,1376,1377,2
1189,bus,1377,1380,4
1190,car,1377,1377,1
1191,car,1379,1461,83
1192,bus,1383,1389,7
1193,car,1384,1384,1
1194,bus,1384,1384,1
1195,car,1386,1386,1
1196,car,1386,1386,1
1197,car,1388,1392,5
1198,car,1390,1394,5
1199,car,1394,1424,31
1200,car,1395,1395,1
1201,car,1396,1419,24
1202,person,1400,1401,2
1203,bus,1401,1401,1
1204,person,1403,1404,2
1205,bus,1404,1405,2
1206,person,1406,1409,4
1207,truck,1406,1408,3
1208,car,1408,1418,11
1209,truck,1410,1410,1
1210,car,1412,1418,7
1211,person,1413,1413,1
1212,car,1413,1425,13
1213,car,1415,1415,1
1214,car,1417,1417,1
1215,car,1418,1422,5
1216,car,1419,1427,9
1217,car,1421,1427,7
1218,car,1421,1421,1
1219,car,1423,1423,1
1220,car,1425,1427,3
1221,car,1429,1441,13
1222,car,1429,1429,1
1223,car,1430,1430,1
1224,car,1431,1436,6
1225,car,1431,1442,12
1226,car,1431,1434,4
1227,car,1433,1435,3
1228,bus,1433,1433,1
1229,bus,1435,1436,2
1230,car,1436,1440,5
1231,car,1437,1439,3
1232,bus,1438,1438,1
1233,bus,1441,1442,2
1234,car,1442,1445,4
1235,car,1443,1443,1
1236,car,1444,1445,2
1237,bus,1444,1537,94
1238,car,1445,1471,27
1239,bus,1445,1446,2
1240,person,1446,1446,1
1241,car,1446,1458,13
1242,car,1447,1455,9
1243,bus,1448,1451,4
1244,car,1449,1450,2
1245,bus,1453,1453,1
1246,car,1454,1459,6
1247,bus,1455,1455,1
1248,person,1457,1457,1
1249,car,1457,1458,2
1250,person,1459,1459,1
1251,car,1460,1464,5
1252,car,1460,1462,3
1253,car,1461,1474,14
1254,bus,1463,1463,1
1255,car,1464,1465,2
1256,car,1464,1464,1
1257,car,1466,1469,4
1258,car,1467,1468,2
1259,car,1467,1467,1
1260,car,1468,1468,1
1261,car,1469,1469,1
1262,car,1470,1477,8
1263,car,1470,1470,1
1264,car,1473,1474,2
1265,bus,1474,1474,1
1266,car,1474,1475,2
1267,car,1474,1474,1
1268,person,1476,1476,1
1269,car,1477,1480,4
1270,car,1477,1478,2
1271,car,1478,1481,4
1272,car,1478,1478,1
1273,car,1479,1479,1
1274,person,1479,1481,3
1275,car,1479,1485,7
1276,car,1480,1481,2
1277,car,1480,1483,4
1278,car,1481,1482,2
1279,car,1481,1482,2
1280,car,1482,1489,8
1281,car,1484,1486,3
1282,car,1485,1486,2
1283,person,1486,1487,2
1284,car,1487,1489,3
1285,car,1488,1491,4
1286,car,1488,1488,1
1287,car,1489,1523,35
1288,car,1489,1516,28
1289,person,1489,1491,3
1290,car,1490,1497,8
1291,car,1490,1490,1
1292,car,1491,1500,10
1293,person,1493,1493,1
1294,car,1494,1503,10
1295,person,1495,1498,4
1296,car,1496,1496,1
1297,car,1498,1498,1
1298,car,1499,1500,2
1299,car,1500,1515,16
1300,car,1500,1502,3
1301,car,1503,1503,1
1302,car,1504,1504,1
1303,car,1505,1506,2
1304,car,1506,1508,3
1305,car,1506,1507,2
1306,car,1507,1507,1
1307,car,1509,1510,2
1308,car,1510,1511,2
1309,bus,1510,1510,1
1310,person,1510,1513,4
1311,bus,1512,1514,3
1312,car,1513,1519,7
1313,person,1515,1517,3
1314,car,1516,1516,1
1315,car,1517,1519,3
1316,car,1518,1518,1
1317,car,1518,1519,2
1318,person,1520,1520,1
1319,car,1521,1521,1
1320,bus,1521,1533,13
1321,car,1523,1523,1
1322,car,1524,1542,19
1323,person,1524,1525,2
1324,car,1525,1558,34
1325,car,1525,1525,1
1326,person,1525,1525,1
1327,person,1527,1528,2
1328,car,1528,1528,1
1329,car,1528,1529,2
1330,car,1529,1531,3
1331,bus,1529,1529,1
1332,car,1530,1530,1
1333,person,1530,1531,2
1334,car,1532,1532,1
1335,car,1533,1533,1
1336,car,1534,1545,12
1337,person,1534,1539,6
1338,truck,1534,1534,1
1339,bus,1538,1541,4
1340,person,1539,1539,1
1341,car,1539,1539,1
1342,truck,1540,1543,4
1343,person,1541,1541,1
1344,car,1542,1542,1
1345,car,1543,1547,5
1346,car,1544,1546,3
1347,car,1544,1547,4
1348,car,1547,1547,1
1349,car,1548,1548,1
1350,person,1548,1548,1
1351,car,1550,1555,6
1352,truck,1550,1552,3
1353,car,1551,1555,5
1354,car,1552,1554,3
1355,person,1552,1552,1
1356,truck,1554,1554,1
1357,car,1554,1555,2
1358,car,1555,1557,3
1359,car,1556,1584,29
1360,bus,1556,1557,2
1361,car,1557,1557,1
1362,car,1557,1557,1
1363,car,1559,1589,31
1364,bus,1559,1560,2
1365,car,1560,1580,21
1366,person,1560,1561,2
1367,car,1560,1603,44
1368,bus,1562,1563,2
1369,person,1563,1564,2
1370,car,1565,1565,1
1371,train,1565,1567,3
1372,car,1567,1577,11
1373,car,1567,1567,1
1374,person,1568,1569,2
1375,car,1570,1570,1
1376,train,1570,1570,1
1377,person,1571,1572,2
1378,car,1572,1572,1
1379,train,1572,1581,10
1380,truck,1573,1574,2
1381,car,1574,1574,1
1382,car,1575,1575,1
1383,car,1576,1577,2
1384,car,1577,1580,4
1385,person,1578,1578,1
1386,car,1580,1580,1
1387,car,1582,1584,3
1388,truck,1582,1582,1
1389,car,1582,1749,168
1390,car,1582,1582,1
1391,car,1583,1583,1
1392,car,1586,1588,3
1393,car,1586,1589,4
1394,car,1589,1589,1
1395,car,1590,1605,16
1396,car,1591,1594,4
1397,car,1591,1593,3
1398,car,1594,1597,4
1399,car,1594,1624,31
1400,person,1595,1596,2
1401,car,1596,1626,31
1402,car,1596,1596,1
1403,car,1596,1596,1
1404,car,1598,1598,1
1405,car,1599,1599,1
1406,truck,1600,1601,2
1407,car,1600,1601,2
1408,car,1600,1600,1
1409,car,1601,1601,1
1410,car,1601,1601,1
1411,car,1603,1603,1
1412,car,1603,1619,17
1413,car,1605,1609,5
1414,car,1605,1605,1
1415,car,1607,1607,1
1416,car,1607,1608,2
1417,car,1608,1617,10
1418,car,1609,1609,1
1419,car,1610,1611,2
1420,car,1610,1610,1
1421,car,1611,1619,9
1422,car,1612,1612,1
1423,car,1613,1614,2
1424,car,1613,1614,2
1425,car,1615,1615,1
1426,car,1615,1621,7
1427,car,1616,1616,1
1428,car,1617,1619,3
1429,car,1617,1617,1
1430,car,1618,1620,3
1431,car,1620,1643,24
1432,car,1620,1653,34
1433,car,1620,1620,1
1434,car,1621,1621,1
1435,car,1621,1621,1
1436,car,1622,1623,2
1437,car,1622,1622,1
1438,car,1623,1623,1
1439,car,1624,1625,2
1440,car,1625,1625,1
1441,car,1625,1625,1
1442,car,1625,1629,5
1443,car,1626,1752,127
1444,car,1627,1628,2
1445,car,1629,1674,46
1446,car,1629,1640,12
1447,car,1630,1630,1
1448,car,1630,1630,1
1449,car,1630,1630,1
1450,car,1630,1630,1
1451,car,1632,1652,21
1452,car,1632,1638,7
1453,car,1632,1638,7
1454,car,1632,1632,1
1455,car,1632,1691,60
1456,truck,1634,1635,2
1457,truck,1637,1637,1
1458,car,1640,1644,5
1459,car,1640,1640,1
1460,truck,1641,1643,3
1461,car,1644,1651,8
1462,car,1644,1654,11
1463,car,1644,1644,1
1464,car,1644,1644,1
1465,car,1645,1678,34
1466,car,1648,1648,1
1467,car,1648,1648,1
1468,car,1650,1685,36
1469,car,1650,1650,1
1470,car,1650,1650,1
1471,truck,1651,1651,1
1472,car,1651,1651,1
1473,car,1652,1653,2
1474,car,1653,1662,10
1475,car,1653,1653,1
1476,car,1654,1654,1
1477,truck,1654,1654,1
1478,truck,1656,1656,1
1479,car,1656,1657,2
1480,car,1657,1657,1
1481,truck,1659,1664,6
1482,car,1660,1660,1
1483,car,1662,1669,8
1484,car,1662,1662,1
1485,car,1665,1665,1
1486,car,1665,1667,3
1487,car,1665,1665,1
1488,car,1666,1666,1
1489,truck,1666,1666,1
1490,car,1668,1678,11
1491,truck,1668,1668,1
1492,bus,1669,1686,18
1493,car,1670,1670,1
1494,truck,1671,1672,2
1495,car,1672,1672,1
1496,car,1672,1672,1
1497,truck,1674,1674,1
1498,car,1677,1684,8
1499,truck,1677,1678,2
1500,car,1679,1679,1
1501,car,1680,1711,32
1502,bus,1680,1680,1
1503,truck,1681,1684,4
1504,car,1681,1683,3
1505,car,1681,1681,1
1506,car,1683,1685,3
1507,truck,1686,1686,1
1508,car,1686,1686,1
1509,car,1687,1689,3
1510,truck,1688,1688,1
1511,car,1689,1690,2
1512,car,1691,1699,9
1513,car,1691,1691,1
1514,truck,1692,1693,2
1515,car,1693,1693,1
1516,car,1694,1699,6
1517,car,1695,1697,3
1518,truck,1695,1701,7
1519,car,1695,1700,6
1520,car,1697,1701,5
1521,car,1699,1699,1
1522,car,1700,1707,8
1523,car,1701,1701,1
1524,car,1701,1703,3
1525,truck,1703,1703,1
1526,car,1703,1703,1
1527,car,1704,1704,1
1528,car,1704,1704,1
1529,car,1705,1705,1
1530,car,1705,1705,1
1531,truck,1705,1706,2
1532,car,1706,1794,89
1533,truck,1708,1709,2
1534,car,1708,1708,1
1535,car,1708,1708,1
1536,car,1709,1709,1
1537,car,1709,1714,6
1538,car,1710,1739,30
1539,car,1710,1710,1
1540,car,1711,1730,20
1541,car,1711,1711,1
1542,truck,1712,1720,9
1543,car,1713,1734,22
1544,person,1714,1714,1
1545,car,1714,1721,8
1546,car,1715,1717,3
1547,car,1716,1716,1
1548,car,1716,1716,1
1549,person,1717,1717,1
1550,car,1718,1718,1
1551,car,1721,1721,1
1552,truck,1722,1787,66
1553,person,1722,1723,2
1554,truck,1722,1722,1
1555,person,1726,1733,8
1556,car,1730,1731,2
1557,car,1730,1734,5
1558,bus,1731,1732,2
1559,car,1732,1734,3
1560,car,1733,1733,1
1561,person,1735,1735,1
1562,car,1735,1735,1
1563,car,1736,1736,1
1564,car,1737,1737,1
1565,car,1738,1738,1
1566,bus,1738,1738,1
1567,car,1740,1746,7
1568,car,1742,1743,2
1569,car,1742,1742,1
1570,car,1744,1749,6
1571,car,1747,1749,3
1572,car,1748,1755,8
1573,car,1748,1749,2
1574,car,1749,1756,8
1575,car,1750,1750,1
1576,car,1751,1757,7
1577,car,1751,1754,4
1578,car,1752,1753,2
1579,car,1754,2255,502
1580,car,1754,1754,1
1581,car,1755,1755,1
1582,car,1756,1771,16
1583,car,1757,1757,1
1584,car,1757,1757,1
1585,car,1759,1814,56
1586,bus,1759,1762,4
1587,car,1760,1762,3
1588,car,1763,1763,1
1589,bus,1764,1766,3
1590,car,1765,1767,3
1591,truck,1765,1766,2
1592,car,1769,1865,97
1593,car,1771,1775,5
1594,bus,1772,1772,1
1595,car,1773,1786,14
1596,car,1775,1775,1
1597,car,1777,1782,6
1598,car,1782,1785,4
1599,car,1783,1783,1
1600,car,1786,1791,6
1601,car,1787,1788,2
1602,car,1789,1789,1
1603,car,1791,1791,1
1604,car,1793,1861,69
1605,truck,1793,1793,1
1606,car,1793,1794,2
1607,truck,1795,1795,1
1608,car,1795,1795,1
1609,car,1795,1807,13
1610,car,1796,1800,5
1611,car,1797,1797,1
1612,car,1798,1798,1
1613,car,1798,1802,5
1614,car,1800,1803,4
1615,bus,1800,1813,14
1616,bus,1801,1803,3
1617,car,1801,1802,2
1618,car,1802,1802,1
1619,car,1803,1805,3
1620,car,1804,1812,9
1621,car,1805,1805,1
1622,bus,1806,1810,5
1623,car,1807,1807,1
1624,car,1807,1829,23
1625,car,1809,1817,9
1626,car,1810,1811,2
1627,car,1814,1815,2
1628,person,1816,1819,4
1629,truck,1817,1819,3
1630,car,1817,1852,36
1631,bus,1817,1817,1
1632,bus,1819,1819,1
1633,car,1820,1846,27
1634,bus,1821,1822,2
1635,truck,1821,1821,1
1636,person,1822,1826,5
1637,bus,1824,1824,1
1638,bus,1826,1826,1
1639,truck,1827,1836,10
1640,car,1830,1831,2
1641,car,1835,1836,2
1642,bus,1835,1836,2
1643,bus,1836,1836,1
1644,car,1837,1837,1
1645,bus,1838,1838,1
1646,bus,1840,1840,1
1647,bus,1840,1841,2
1648,bus,1842,1842,1
1649,bus,1843,1891,49
1650,car,1844,1845,2
1651,truck,1845,1846,2
1652,car,1848,1849,2
1653,car,1850,1858,9
1654,truck,1850,1850,1
1655,car,1850,1852,3
1656,car,1853,1853,1
1657,car,1854,1856,3
1658,bus,1855,1861,7
1659,car,1855,1858,4
1660,car,1855,1855,1
1661,truck,1857,1857,1
1662,car,1858,1859,2
1663,car,1860,1860,1
1664,truck,1862,1862,1
1665,car,1863,1864,2
1666,car,1863,1880,18
1667,bus,1863,1871,9
1668,car,1864,1864,1
1669,truck,1867,1867,1
1670,car,1867,2087,221
1671,car,1869,1869,1
1672,car,1870,1873,4
1673,car,1871,1885,15
1674,car,1872,1873,2
1675,bus,1874,1890,17
1676,car,1875,1961,87
1677,bus,1876,1876,1
1678,car,1876,1876,1
1679,car,1878,1879,2
1680,truck,1879,1880,2
1681,car,1882,1928,47
1682,truck,1882,1882,1
1683,car,1883,1883,1
1684,bus,1888,1888,1
1685,car,1889,1897,9
1686,bus,1890,1894,5
1687,bus,1893,1902,10
1688,car,1896,1913,18
1689,car,1897,1902,6
1690,car,1901,1913,13
1691,truck,1904,1904,1
1692,truck,1905,1908,4
1693,truck,1906,1909,4
1694,truck,1912,1913,2
1695,car,1915,1943,29
1696,truck,1916,1922,7
1697,truck,1924,1924,1
1698,car,1925,1927,3
1699,truck,1926,1929,4
1700,car,1929,1940,12
1701,car,1930,1945,16
1702,truck,1931,1933,3
1703,truck,1936,1937,2
1704,car,1940,1944,5
1705,car,1943,1943,1
1706,car,1943,1990,48
1707,car,1947,1957,11
1708,car,1947,1950,4
1709,car,1952,1952,1
1710,car,1954,1955,2
1711,car,1960,1966,7
1712,car,1960,1962,3
1713,car,1960,1960,1
1714,car,1963,2001,39
1715,car,1966,1967,2
1716,car,1966,1971,6
1717,car,1966,1966,1
1718,car,1968,1968,1
1719,car,1969,1972,4
1720,car,1969,1970,2
1721,car,1973,1978,6
1722,car,1974,1977,4
1723,car,1980,1981,2
1724,car,1980,1980,1
1725,car,1981,2009,29
1726,car,1982,1983,2
1727,car,1982,1983,2
1728,car,1983,1985,3
1729,car,1985,1985,1
1730,car,1986,1993,8
1731,car,1987,2029,43
1732,car,1989,2022,34
1733,person,1990,1990,1
1734,car,1992,2004,13
1735,person,1993,1993,1
1736,car,1995,2081,87
1737,car,2004,2021,18
1738,car,2008,2008,1
1739,car,2011,2012,2
1740,car,2012,2016,5
1741,car,2018,2022,5
1742,car,2022,2023,2
1743,car,2022,2022,1
1744,car,2024,2024,1
1745,car,2024,2077,54
1746,car,2025,2027,3
1747,car,2026,2026,1
1748,car,2028,2028,1
1749,car,2029,2043,15
1750,car,2029,2029,1
1751,car,2031,2036,6
1752,car,2031,2043,13
1753,car,2032,2032,1
1754,car,2033,2034,2
1755,car,2034,2034,1
1756,car,2036,2040,5
1757,car,2036,2036,1
1758,car,2038,2039,2
1759,car,2039,2039,1
1760,car,2041,2041,1
1761,car,2043,2043,1
1762,car,2044,2044,1
1763,car,2045,2073,29
1764,car,2045,2082,38
1765,car,2047,2047,1
1766,car,2048,2048,1
1767,car,2050,2051,2
1768,car,2052,2053,2
1769,car,2061,2063,3
1770,car,2065,2066,2
1771,car,2067,2068,2
1772,bus,2069,2069,1
1773,car,2070,2071,2
1774,car,2074,2074,1
1775,car,2075,2082,8
1776,car,2076,2076,1
1777,car,2079,2086,8
1778,bus,2079,2085,7
1779,car,2079,2090,12
1780,car,2084,2085,2
1781,car,2084,2084,1
1782,car,2085,2127,43
1783,car,2087,2089,3
1784,car,2087,2094,8
1785,car,2087,2087,1
1786,car,2088,2096,9
1787,car,2088,2088,1
1788,car,2090,2095,6
1789,car,2091,2103,13
1790,car,2091,2092,2
1791,car,2093,2093,1
1792,car,2095,2095,1
1793,car,2096,2120,25
1794,car,2097,2099,3
1795,car,2097,2097,1
1796,car,2098,2099,2
1797,car,2098,2116,19
1798,car,2101,2105,5
1799,car,2105,2105,1
1800,car,2105,2105,1
1801,car,2106,2109,4
1802,car,2108,2108,1
1803,car,2108,2114,7
1804,bus,2111,2112,2
1805,car,2116,2116,1
1806,car,2117,2148,32
1807,car,2118,2144,27
1808,car,2119,2121,3
1809,car,2119,2119,1
1810,car,2121,2125,5
1811,car,2123,2129,7
1812,car,2123,2123,1
1813,car,2125,2129,5
1814,car,2125,2126,2
1815,car,2128,2129,2
1816,car,2129,2130,2
1817,car,2131,2131,1
1818,car,2133,2133,1
1819,car,2134,2135,2
1820,car,2135,2135,1
1821,car,2136,2140,5
1822,car,2137,2141,5
1823,car,2137,2141,5
1824,car,2143,2148,6
1825,car,2143,2144,2
1826,car,2146,2164,19
1827,car,2146,2153,8
1828,car,2148,2148,1
1829,bus,2151,2151,1
1830,car,2152,2152,1
1831,bus,2153,2153,1
1832,car,2157,2158,2
1833,car,2157,2158,2
1834,car,2159,2296,138
1835,car,2161,2161,1
1836,car,2162,2163,2
1837,car,2163,2165,3
1838,car,2163,2167,5
1839,truck,2165,2165,1
1840,car,2167,2167,1
1841,truck,2168,2168,1
1842,car,2170,2174,5
1843,bus,2171,2171,1
1844,car,2172,2172,1
1845,bus,2172,2172,1
1846,car,2174,2174,1
1847,car,2176,2183,8
1848,bus,2176,2176,1
1849,car,2177,2180,4
1850,car,2179,2182,4
1851,car,2185,2185,1
1852,truck,2185,2185,1
1853,truck,2187,2188,2
1854,bus,2187,2187,1
1855,car,2189,2189,1
1856,car,2191,2194,4
1857,person,2193,2193,1
1858,car,2225,2225,1
1859,car,2230,2230,1
1860,car,2231,2231,1
1861,car,2232,2237,6
1862,car,2233,2234,2
1863,truck,2239,2239,1
1864,car,2239,2242,4
1865,bus,2241,2241,1
1866,bus,2243,2243,1
1867,truck,2254,2254,1
1868,car,2255,2262,8
1869,car,2260,2261,2
1870,truck,2261,2261,1
1871,car,2262,2262,1
1872,car,2263,2485,223
1873,truck,2263,2263,1
1874,car,2264,2265,2
1875,car,2264,2264,1
1876,truck,2265,2270,6
1877,truck,2266,2266,1
1878,car,2269,2269,1
1879,person,2272,2272,1
1880,bus,2273,2273,1
1881,car,2273,2274,2
1882,person,2276,2276,1
1883,car,2277,2282,6
1884,person,2277,2277,1
1885,person,2278,2279,2
1886,truck,2278,2278,1
1887,truck,2279,2280,2
1888,person,2281,2281,1
1889,truck,2283,2284,2
1890,truck,2283,2283,1
1891,car,2286,2288,3
1892,truck,2287,2288,2
1893,person,2288,2288,1
1894,truck,2290,2299,10
1895,truck,2293,2293,1
1896,car,2293,2294,2
1897,person,2294,2294,1
1898,truck,2295,2295,1
1899,car,2296,2297,2
1900,truck,2299,2301,3
1901,truck,2303,2303,1
1902,truck,2303,2303,1
1903,truck,2306,2306,1
1904,truck,2307,2309,3
1905,car,2309,2310,2
1906,truck,2311,2311,1
1907,car,2312,2313,2
1908,truck,2312,2314,3
1909,truck,2317,2318,2
1910,truck,2319,2323,5
1911,truck,2324,2324,1
1912,car,2325,2386,62
1913,truck,2326,2326,1
1914,truck,2329,2329,1
1915,truck,2331,2336,6
1916,car,2331,2331,1
1917,car,2335,2335,1
1918,car,2335,2371,37
1919,bus,2342,2342,1
1920,bus,2346,2346,1
1921,bus,2355,2358,4
1922,bus,2360,2360,1
1923,bus,2362,2365,4
1924,bus,2367,2368,2
1925,bus,2371,2389,19
1926,car,2373,2392,20
1927,car,2389,2389,1
1928,bus,2391,2391,1
1929,car,2392,2392,1
1930,train,2393,2393,1
1931,car,2394,2395,2
1932,car,2394,2411,18
1933,bus,2395,2397,3
1934,car,2400,2403,4
1935,car,2405,2406,2
1936,car,2405,2406,2
1937,car,2406,2406,1
1938,car,2408,2417,10
1939,car,2409,2409,1
1940,car,2413,2414,2
1941,car,2413,2413,1
1942,car,2415,2439,25
1943,car,2416,2431,16
1944,car,2421,2423,3
1945,car,2425,2485,61
1946,car,2433,2441,9
1947,truck,2439,2440,2
1948,truck,2442,2442,1
1949,truck,2447,2447,1
1950,truck,2449,2450,2
1951,truck,2452,2460,9
1952,car,2453,2453,1
1953,car,2455,2456,2
1954,person,2458,2458,1
1955,car,2461,2461,1
1956,truck,2462,2464,3
1957,car,2465,2469,5
1958,truck,2467,2467,1
1959,truck,2471,2472,2
1960,car,2473,2474,2
1961,truck,2474,2474,1
1962,car,2476,2481,6
1963,truck,2476,2476,1
1964,truck,2483,2485,3
1965,car,2484,2485,2
